item_name,variation_name,variation_id,price_usd,currency,location_overrides
Iced Latte,large,MSLYGJ2QUQYEUTS2JNCCJFIC,7.50,USD,0
Iced Latte,medium,EOYF3LMYIPWE2U2MWZFSWSWL,6.50,USD,0
Iced Latte,small,NKI77BCAPTLLGNK5QWHZVHPI,5.50,USD,0
Loaded Energy,Large,2CPEPVFU3XXQLC5GS7CGVR2V,8.00,USD,0
Breakfast Biscuit,Regular,RG6GS7ROTXAFSZP6LPU6U3I2,5.00,USD,0
Breakfast Sandwich,Regular,M4JXNWLTSLAKRBH74CAGLZLR,6.50,USD,0
Breakfast Wrap,Regular,6DQE47P7RQ7GZU5ZNR56VDWY,7.00,USD,0
Pastry,Regular,7NEUBAGKSNFXW6R3Y5ONTRHC,4.00,USD,0
Muffin,single,YATUUQKWZKNHIJAL5PKKXWQH,3.50,USD,0
Muffin,1/2 dozen,72YJTZCBJ76DJ2ATR4V5GW6D,18.00,USD,0
Turnovers,Regular,2LOI4OGUTVE6QBWSNEIBFDSR,3.00,USD,0
Whole Pie,Regular,EKTBDBRTSDCZZLYFBSSLFBUY,30.00,USD,0
Slice Of Pie,Regular,7KH2HSHFS2H7LQLC5VZYWM75,4.00,USD,0
Slice Of Cake,1 layer/ Regular,DHU62MYYBTNIHLQFV5NG4Q4L,4.00,USD,0
Slice Of Cake,3 layer/specialty,XDNGFNGIS7L4ZOVUID3XGINS,6.00,USD,0
Brownie,Regular,BCSSMOTHSCZF5RILWMPKGVBI,3.00,USD,0
Brownie,2 pack,GTTAS7WCEGD7ZUEUO7BTLFPS,6.00,USD,0
Brownie,specialty,6IDRDZQGQIWYS6TP5LNKOTZW,4.00,USD,0
Cookie,Regular,7WCHB3ZABC72COZYGSSTF2SS,2.50,USD,0
Cookie,dozen,U4JY6NDESFWAFR77SM3RIFWN,24.00,USD,0
Hot Latte,Regular,C2ZYCTDM2RNI7L6Z63TTBPGH,5.00,USD,0
Hot Latte,Large,PYWQNX66A6GAA72SYA4AHQI5,6.00,USD,0
Americano,Regular,PV3TCGDLRWUFLJMTQYD7MRZV,4.00,USD,0
Cappuccino,Regular,B7AVG76HV7F7WQXI2LA7YS7X,4.50,USD,0
Hot Chocolate,Regular,IV2N36OGCHXZQRB7PFS4E44N,4.50,USD,0
Frappe,small,6ISQUXJRZKDF5WW25X5QX4UY,6.00,USD,0
Frappe,medium,JKCQECBTKMCPJBGOGTZGNDZO,7.00,USD,0
Frappe,large,T7AMKF6IWJZBUW6TWNL6UYBJ,8.00,USD,0
Smoothie,medium,KTBW6ZA5LMDCLOHPO4647RVV,7.00,USD,0
Smoothie,small,6QDMXT5RCKYZ7Q6TO2HD7OBW,6.00,USD,0
Smoothie,large,NZQVES73UOE5XGCFDABWEQQE,8.00,USD,0
Bottled Drink,Regular,JECKBK2CBHJCJKO7OMSH32VG,2.50,USD,0
Sides,Regular,FGWN54KQKWBFGCLVKGSCMACP,3.00,USD,0
Sides,large,JS7LIULJSXAZRHY3UIL3ITJ2,4.00,USD,0
Soup/Chili,Regular,7GR6LH3HLMKUKRQN4C7PXSQT,5.00,USD,0
Chips,Regular,MD3FI4TEZRAHARN7F63MVQ5G,2.50,USD,0
Cinnamon Roll,Regular,4EVFHDZ3LHYZOXF4EOGMD3JZ,5.00,USD,0
Cinnamon Roll,4 pack,6D5ZIF2VJQNDWPWYHDOSDPNS,20.00,USD,0
Cinnamon Roll,Half Dozen,M3MAOERKYI3ZJKQP2QXL7OPC,30.00,USD,0
Cinnamon Roll,Dozen,UDJ4ZLATYKY4IDJEAAGYMFPF,55.00,USD,0
Scone,Regular,B26BFSNNVQMR2LTHWV75JJBH,3.50,USD,0
Scone,8 pack,LFBX42QTI54K4W2SN4YKOLFT,28.00,USD,0
Scone,1/2dozen,CKYVPEN7TBG2RKZU4HL65O6O,18.00,USD,0
Scone,dozen,FYWGIGCEODZOLZFY6OJYSFRK,36.00,USD,0
Salad,Regular,XY72WR6DUIYRVTDBFVCWOX23,10.00,USD,0
Coffee & Bfast Sandwich,Regular,7YZ4EDKIAHMWIWOECQI5MJBG,10.00,USD,0
White Bread,Regular,7Z3IW6ZWTTAFC5QXGESYUNQP,6.00,USD,0
Cinnamon Raisin Bread,Regular,CJJK2M4AEPAQA3SD2ITIAWYZ,7.00,USD,0
Cheddar Jalapeño Focaccia,Regular,5JTEMOU5ULHTWNVRZPTCTRKF,10.00,USD,0
Ciabatta,Regular,3HUBPANNNTO4MQOXOIYMSEAP,8.00,USD,0
Brioche,Regular,3SPBVJHATG3DKENTRDCDWTND,8.50,USD,0
Focaccia,Regular,U6267UGHBKSTO73JXVW5LRIG,8.00,USD,0
Danish,Regular,NANPTO7A32H2D2STQDXD4CEI,4.00,USD,0
Bottled Water ,Regular,EBRVVBTIVUUYRZSY7IH22DJ5,1.50,USD,0
Croissant,Regular,EO3QKSWNJO3INEFH7AGATJXR,3.00,USD,0
Croissant,specialty,IU5OOQJJI5XQD3YQ2O7TFAEC,5.00,USD,0
Croissant,1/2 dozen,KGPQ3U5ZX2XK3W6YURIT7OMA,24.00,USD,0
Dirty Soda,small,3GGVCBOKAP2OYDA3U7ZZ4VW6,4.00,USD,0
Dirty Soda,medium,GJMCXRXSWLH3KAST5F4NXPNJ,5.00,USD,0
Dirty Soda,large,W7ZHSZ623DO2MOAWLV4BG6EN,6.00,USD,0
Day Old Bread,Regular,7M2H3UT3BN26MTXPPLXHA7WE,5.00,USD,0
Coffee Carafe ,Regular,JBA5QQRZQQUP2PD3UW3CJGT7,20.00,USD,0
Loaf Slice,Regular,PGODL5QKXNNBIH5OXSZVQOPJ,3.00,USD,0
Mini Cheesecake ,Regular,3LMSDYWNKQESPH3ESB6NHWVS,6.00,USD,0
Mini Cake,Regular,FRMNN5O53P656HSP32MJ6KPG,5.00,USD,0
Mini Cake,1/2 dozen,63GMLRNJPIQHLNWZNDWBSZRE,28.00,USD,0
Mini Cake,dozen,CY77X276PH5HIFTC7R5IWEJ5,55.00,USD,0
Icing Cup,Regular,LTKE5CLJQWONIOFXFXKLDIDA,1.00,USD,0
Mini Quiche,single,BJ6WQGCEQMZV2XAPYNUUH533,3.00,USD,0
Mini Quiche,2 pack,6FPJHLD3S3CMO4RFIZSN5NSQ,6.00,USD,0
Soup & Scone ,Regular,2JVK6PMS2NDEUTEBOCUSODV6,8.50,USD,0
Lunch Special ,Regular,WPBDBK2KWLULGN5DEWSE2QEA,10.00,USD,0
12 Count Danish Box,Regular,LYBRHDFABH2Y5SDSPCFNNNDY,35.00,USD,0
Soup & Croissant,Regular,XCPIASLK36GOBQ7H2N65UOOM,8.50,USD,0
Coffee & Quiche,Regular,EOAZDYZSADYJENMWNC5YCZ2I,12.00,USD,0
Day Old Scone,Regular,DAC2DJ7VDNFOUPIFV4TSHJLA,2.50,USD,0
Mini Loaf ,Regular,MGJPCVDN4VGFAOCDKFDMPYB3,5.00,USD,0
18 Count Danish Box ,Regular,OCIF62MELZYFBWX6CJOAXLJZ,54.00,USD,0
Whole Quiche ,Regular,ZADJSO67QXQJPEIIN3SEL5CO,25.00,USD,0
Cortado,Regular,DE3O5PAFXJX7STVPJB5ZL5XW,3.50,USD,0
Lemonade,small,VNLVV2IKUCUD3XDKCQQRG6HQ,4.00,USD,0
Lemonade,medium,ZAYJJMJTJK3PG7D6N7XXEVE4,5.00,USD,0
Lemonade,large,NHG4L2C2367KULH43D2NTWIB,6.00,USD,0
Chocolate Covered Strawberries ,Dozen,7AO3KCM4CL26GTQYX4QAN7NI,25.00,USD,0
Chocolate Covered Strawberries ,1/2 Dozen,OMD2K6PFQADEFBVP7KBQEKGA,15.00,USD,0
Cookie Sandwich,Regular,BNQ4Q33LQ4J5SIGIPI7H2D26,3.00,USD,0
Cream Horn,Regular,27QDZ3BH6DB37NJZMX7MW7ZI,4.50,USD,0
Cream Horn,dozen/custom order,2OBCYMAKIGTWD7IQLBPUFA22,48.00,USD,0
Can Drink,Regular,CG5FKJ6G6Y6DZTWAVNIXYJWS,1.00,USD,0
Parfait Cup,Regular,AKCHDA4LIHSSZQ2B7YKRXUNL,4.00,USD,0
Mini Cinni,Regular,OZD3V6E5KXMXKMUIOEUYT5FU,3.50,USD,0
Iced Sugar Cookie ,Regular,QU7BVYV6LR2E63GCUONXVPM7,2.50,USD,0
Iced Sugar Cookie ,2 pack,TNPDEH7EALHDYVIU6IGUBKTA,4.00,USD,0
Iced Sugar Cookie ,3 pack,C2PHY4PZI5L2TIGHINHOGUAJ,6.00,USD,0
Iced Sugar Cookie ,4 pack,3AJX534X7BXEIRRA3H3A3KPJ,8.00,USD,0
Blondie ,Regular,YDVU6FOYOXZZRZ7M55HHKYT6,3.00,USD,0
Macarons,Regular,56XEB52XNIZD4YHPEKHVNFIQ,6.00,USD,0
Mini Muffin,Regular,IVQ2RI3GLSBSWYB7NSPKGCAY,2.00,USD,0
24 Ct Bakery bags ,Regular,SG4ASBXJ7K57QBX3E7HIBXUD,5.00,USD,0
Chess bar,Regular,FX7RCXUDK4OTCGNXP7RUUI2V,2.00,USD,0
Croissant Club,Regular,PNYMNCX4I6TAN67YKYATNCPS,7.00,USD,0
Italian Wrap,Regular,ULM7ZHKECNGQMFCASS3I664X,8.00,USD,0
Buffalo Chicken wrap,Regular,L4KJHVH2OL6EVB3PJD3244KZ,8.00,USD,0
Grilled Cheese,Regular,HZJ7GG5X5GAIZ2RT4OJ4NFGF,5.00,USD,0
BLT,Regular,WJQKL5T3KXSZ5YUPPWQ66MNA,5.50,USD,0
Chicken Salad Croissant,Regular,SYU3S7BIECUBSDZFNYC2JGMB,6.00,USD,0
Cupcake,mini,ROX2HP5GQML4WR42CVFUNM2V,2.50,USD,0
Cupcake,regular,K6NFLCWFO7T53G2V6Z72E5TK,3.50,USD,0
Cupcake,dozen,VCS4TC2NSOOF54SEFVJADVVG,36.00,USD,0
Chocolate Milk,small,IJ7QINE6NHGNMNYXTZZ7OKIQ,3.50,USD,0
Chocolate Milk,medium,SLWXRABRARD27ZQZPA2DK4NK,4.50,USD,0
Chocolate Milk,large,HHRDTQXXB7QP7XGQGMK77H6F,5.50,USD,0
10 Inch Cake ,Custom Specialty,25V2R7LMAAQTN5SFQU7TJPAN,,,0
Dessert Shooter ,Regular,XYIDZQNHIMW7D6QHJK2GDDKB,2.50,USD,0
Wedding Cake ,Regular,M72YQ5SEB2KP5BYAL53XZDJI,120.00,USD,0
Cookie Bars ,Regular,DFEYWK3CD3A3FLY5KUBTS7QT,2.00,USD,0
Brownie bar ,Regular,4JKV6DORNFZE4MHJVH56XFKJ,2.00,USD,0
Ham & Cheese Croissant Sandwich,Regular,QYREY3YQWOZAFKR7VUSK3QKD,6.00,USD,0
Banana pudding cup ,Regular,ITPLTMU2Q3UC5JIKRXKN543Y,5.00,USD,0
Donut,glazed,P2IFNLTXNARB3AJILZFXUKWF,2.00,USD,0
Donut,chocolate glazed,FOWHRSDCO6YVAUSQGJSPM77P,2.50,USD,0
Donut,powdered sugar,DJ2B5EQPATOYUE4XRLU43URX,2.00,USD,0
Donut,cookie butter,WLST4U5VOT4YECFO6YBMR2YY,2.50,USD,0
Donut,1/2 dozen,3CF23VKZQ4WTQRM7J4HDDU3O,10.00,USD,0
Donut,lemon crunch,X7R265SDCOU4LNLFJ7N5C43R,2.00,USD,0
Donut,blueberry glaze,3MLROT5TWXX5LJYJM6KZO23H,2.00,USD,0
Donut,strawberry glazed,4JX3LYG5AGWCBHCI2KVI4OAN,2.00,USD,0
Donut,peanut butter cream,2N3ZR4MT7IPXLMBGFAAF6B3F,2.50,USD,0
Donut,4pk sampler,IMKAGHM3QZF3VYWLGJJPJGY6,8.00,USD,0
Donut,berry glazed,TQPK6L4ZBS34R6BKWI43USPV,2.00,USD,0
Donut,nutella,SW4OHA5VC4W62HINS3QUGGLR,2.50,USD,0
Hot Tea,Regular,RGV5X5WF4HLOMNSPHZBEP6D2,2.00,USD,0
Hot Tea,large,PIDY3I2KIJLCMXKDATFJ3AZP,3.00,USD,0
Cheddar Jalopeno bread ,Regular,IUFQQVK75FATUBFYXXJWUSUB,7.00,USD,0
London Fog ,Hot- Small,2XR2NKUCIWSNED33MYN6DYNC,4.00,USD,0
London Fog ,Hot- large,TOK2J3E4SEV27RXD7VKK7LL3,5.00,USD,0
London Fog ,iced- small,ABFRIT76BAMENFLO3MEG7TWC,4.00,USD,0
London Fog ,iced-medium,O67CHMORQ2P2RMQSY4FVWG33,5.00,USD,0
London Fog ,iced-large,25GLFPRWMGR7KUANHPM4ZH4R,6.00,USD,0
Oatmeal Cream Pie,Regular,HO3ZXRLOPJYH7AUWCI3ZJYUV,3.50,USD,0
10 Inch Cake 3 Layers ,Regular,YDJXU45KAKFFYNWJF3XSRAEY,,,0
Cake Pops,Regular,SVRFHGVJZL6AHPEPGXOKMZZZ,2.50,USD,0
Dot Cake,vanilla/funfetti,LTMV6BUAVHAIVGGBUZ7MPZQO,6.00,USD,0
Dot Cake,red velvet,H55KXGJ4AZFL6H3OQ3HAKWIX,7.00,USD,0
Chicken Salad cup,Regular,ESEL5JOSLNV6VCZPGTCU4LQB,3.00,USD,0
Cheesecake brownie,Regular,CWOGWXH6UY2AKCJHLYDCJYNS,4.00,USD,0
Water Cup,Regular,V5OSAGMGMZYSU356NU6TLIIS,2.00,USD,0
Double Shot ,Regular,QCKJU64ENEAWP7PMNYA5REOK,2.00,USD,0
Cookie Cake Slice,Regular,73REJ3EECNXNR4TJO27HYM5S,3.00,USD,0
Cheesecake Bar,Regular,E2XQBLZSNM5TFI5IPXTFPGFM,3.75,USD,0
Custom Cupcakes ,Regular,L5AJOHUH7LOI5UOXBY2EHLLM,4.00,USD,0
Curbside pickup (example service),Regular,SEIDJPJ4IWBX3MZKQUZN42G4,,,0
Custom Wedding ,Regular,5BMSUCQCITDWE3JN6H4HN4IN,400.00,USD,0
Croissant Dog,Regular,JGJ6QNLYUULS3OGJ37XMECCB,4.25,USD,0
Custom Orders,Regular,ASLVI2AHFHI3BETECHYSE64G,,,0
